word,count,PMI
kabupaten,5,6.86616017007
susu,1,5.45111074912
pengawasan,5,9.08026278519
http,1,-0.67540577307
tora,1,9.59820587673
@jokowi,5,6.5348149547
lingkungan,6,8.40862180986
#day,1,9.37506232541
@torabikacoffee,1,12.2372632063
@sitinurbayalhk,2,10.5790351297
#masalahtelukbenoa,2,12.2372632063
TOTAL,6,0.0
badan,6,6.47967670294
@wiranto,2,9.49642318242
dgn,1,2.80234031886
yogya,1,7.68338631474
staf,1,7.53678284055
@kementerianlhk,5,9.41588431993
maupun,5,7.79226177251
kemeriahan,1,8.81953652273
kota,1,3.87555491777
hidup,6,5.08362488908
klh,5,11.7066349553
bersama,1,3.85474491825
@dprri,3,8.04006125868
#keadaantelukbenoa,1,9.56311455692
