word,count,PMI
public,1,2.62224163221
@mckinsey,8,11.3140881658
global,1,3.52415062456
private,2,4.18465707876
seen,1,1.99474392323
consultants,1,7.11688621812
accelerate,1,6.99216545518
#fundraising,2,8.27354187644
partner,1,3.86391170144
investment,2,5.22051839574
scale,35,8.31716612409
funding,1,4.21888560014
@scoopit,1,7.79757993761
long,1,1.7281120801
#impinv,1,8.94696455165
source,1,3.7314345413
conservation,37,10.0887241715
way,1,0.996236331618
new,1,-0.030156285733
TOTAL,38,0.0
#consulting,1,8.76204221316
#sdgs,1,7.48183012882
http,41,0.682772990657
finance,38,8.55780490359
mckinsey,20,11.6589286521
company,19,6.17885748533
serve,1,4.16103653084
term,1,4.05087535027
primary,1,4.94247631855
#innovation,2,6.34369632989
short,1,2.94246039103
@mckquarterly,1,11.3140881658
progress,1,4.11341454755
environmental,1,5.42705863681
insights,1,5.59706046438
@wef,1,5.95671603645
catcher,1,6.97244959201
#monetization,1,10.803262542
taking,34,5.86265006138
#sustainability,7,8.94696455165
coalition,1,5.69913690483
aims,1,5.81760323399
@goldmanprize,1,11.3140881658
thought,1,1.89169215348
continue,1,3.28971697369
publications,1,7.17360244756
promising,1,5.94733363768
#conservation,1,8.13603433543
perspective,2,5.49722505245
