word,count,PMI
terapkan,1,6.93520285352
pelanggaran,1,6.51313359036
kabupaten,1,4.65058645407
sangat,1,2.77247443323
sebagai,1,3.36599177284
pemangku,1,9.75932522587
pengawasan,1,6.86468906919
kata,1,2.93989687415
lubuk,11,9.82433005618
larangan,11,9.16148822512
perkuat,1,6.93977952054
pemerintah,1,4.27708502116
pekanbaru,1,6.16729559775
setempat,1,6.23296470126
husnil,1,9.49106123928
TOTAL,11,0.0
dan,8,2.1414427463
alfalah,8,14.403716125
mesjid,8,9.27975214561
http,5,0.327896335794
di,9,2.24848307564
royong,8,9.82900514651
oleh,1,3.02099046571
pembentukan,1,7.20628077092
mkb,8,13.7105689445
pendampingan,8,10.9379802222
gotong,8,9.72158489789
adat,1,6.43817055188
didukung,1,6.640694816
sawahlunto,8,11.1848403001
sarolangun,1,10.0216894903
denda,1,6.71480278815
