word,count,PMI
pada,1,3.35664291817
limited,1,8.13876063397
menunjukkan,1,7.0498774005
kepunahan,1,11.2256622947
tangkapan,1,10.189570363
upaya,1,6.5725681204
belanja,1,6.04336814952
penelitian,1,7.65997822385
mengarah,1,8.79524383016
berjalan,1,6.10007625489
selain,1,5.59054806887
penangkapan,3,9.38945106287
penurunan,1,8.26697129279
ancaman,1,7.21998336953
juga,1,3.11261689758
TOTAL,3,0.0
nelayan,1,7.85523657167
berlebih,2,9.72158489789
menghadapi,1,6.59890853701
http,2,0.71088858805
hiu,1,9.14622075299
terbaru,1,5.74540223096
pencemaran,1,9.56311455692
berlebihan,1,7.14198043819
hasil,1,5.2864484379
laut,1,6.45036582498
oleh,1,4.32027344985
